Country or Area,Year,Sex_m,Value_m,Sex_f,Value_f,Sex_b,Value_b
Albania,2003,Male,194006,Female,198857,Both Sexes,392863
Albania,2011,Male,259750,Female,271994,Both Sexes,531744
Andorra,2003,Male,10702,Female,10543,Both Sexes,21245
Andorra,2005,Male,11869,Female,11718,Both Sexes,23587
Andorra,2006,Male,12267,Female,11944,Both Sexes,24211
Andorra,2007,Male,12426,Female,12148,Both Sexes,24574
Andorra,2008,Male,12437,Female,12195,Both Sexes,24632
Andorra,2009,Male,12539,Female,12240,Both Sexes,24779
Andorra,2010,Male,11750,Female,11755,Both Sexes,23505
Andorra,2011,Male,11056,Female,11149,Both Sexes,22205
Argentina,2015,Male,12561246,Female,13383085,Both Sexes,25944331
Argentina,2016,Male,13157791,Female,13968648,Both Sexes,27126439
Argentina,2019,Male,13740223,Female,14544915,Both Sexes,28285150
Argentina,2020,Male,13878894,Female,14677235,Both Sexes,28556144
Argentina,2021,Male,14015643,Female,14807845,Both Sexes,28823503
Argentina,2022,Male,14150499,Female,14936759,Both Sexes,29087275
Argentina,2024,Male,14413973,Female,15188994,Both Sexes,29602978
Armenia,2001,Male,634676,Female,727123,Both Sexes,1361799
Armenia,2004,Male,634998,Female,722529,Both Sexes,1357527
Armenia,2006,Male,636252,Female,721446,Both Sexes,1357698
Armenia,2007,Male,637205,Female,721628,Both Sexes,1358833
Armenia,2008,Male,638837,Female,722333,Both Sexes,1361170
Armenia,2009,Male,643020,Female,724808,Both Sexes,1367828
Armenia,2011,Male,547494,Female,634620,Both Sexes,1182114
Armenia,2015,Male,590812,Female,682783,Both Sexes,1273595
Armenia,2016,Male,589939,Female,683112,Both Sexes,1273051
Armenia,2017,Male,586416,Female,685538,Both Sexes,1271954
Armenia,2018,Male,586194,Female,686363,Both Sexes,1272557
Armenia,2019,Male,586383,Female,687344,Both Sexes,1273727
Armenia,2020,Male,587995,Female,689198,Both Sexes,1277193
Armenia,2022,Male,571012,Female,703152,Both Sexes,1274164
Armenia,2023,Male,508741,Female,590125,Both Sexes,1098866
Australia,2001,Male,6884574,Female,7169888,Both Sexes,14054462
Australia,2003,Male,7197251,Female,7367557,Both Sexes,14564808
Australia,2004,Male,7292537,Female,7447881,Both Sexes,14740418
Australia,2005,Male,7406885,Female,7548255,Both Sexes,14955140
Australia,2006,Male,6915184,Female,7165021,Both Sexes,14080205
Australia,2009,Male,8045696,Female,8187736,Both Sexes,16233432
Australia,2010,Male,8397120,Female,8543453,Both Sexes,16940573
Australia,2011,Male,8568274,Female,8823387,Both Sexes,17391661
Australia,2012,Male,8323623,Female,8479643,Both Sexes,16803266
Australia,2013,Male,8499065,Female,8654702,Both Sexes,17153767
Australia,2014,Male,8644439,Female,8805987,Both Sexes,17450426
Australia,2015,Male,8764572,Female,8939112,Both Sexes,17703684
Australia,2016,Male,9735310,Female,9955524,Both Sexes,19690826
Australia,2017,Male,9959056,Female,10177305,Both Sexes,20136361
Australia,2018,Male,10105070,Female,10324719,Both Sexes,20429789
Australia,2019,Male,10310669,Female,10536137,Both Sexes,20846806
Australia,2020,Male,10455139,Female,10698080,Both Sexes,21153219
Australia,2021,Male,10593054,Female,10839565,Both Sexes,21432628
Australia,2022,Male,10670347,Female,10908623,Both Sexes,21578970
Australia,2023,Male,10979430,Female,11214931,Both Sexes,22194361
Austria,2001,Male,1416894,Female,1572998,Both Sexes,2989892
Austria,2005,Male,1162198,Female,1277900,Both Sexes,2440098
Austria,2006,Male,1162479,Female,1279408,Both Sexes,2441887
Austria,2007,Male,1128825,Female,1238624,Both Sexes,2367449
Austria,2008,Male,1137999,Female,1247153,Both Sexes,2385152
Austria,2009,Male,1201386,Female,1315555,Both Sexes,2516941
Austria,2010,Male,1241376,Female,1356854,Both Sexes,2598230
Austria,2011,Male,1254322,Female,1367289,Both Sexes,2621438
Austria,2012,Male,1267821,Female,1377706,Both Sexes,2645527
Austria,2013,Male,1273011,Female,1382642,Both Sexes,2655653
Austria,2014,Male,1294085,Female,1398364,Both Sexes,2692449
Austria,2016,Male,1356910,Female,1442342,Both Sexes,2799252
Austria,2017,Male,1379280,Female,1457702,Both Sexes,2836982
Austria,2018,Male,1395194,Female,1469890,Both Sexes,2865084
Austria,2019,Male,1402352,Female,1476252,Both Sexes,2878604
Austria,2021,Male,1836892,Female,1918893,Both Sexes,3755785
Azerbaijan,2003,Male,1183500,Female,1243700,Both Sexes,2427200
Azerbaijan,2004,Male,1191200,Female,1251700,Both Sexes,2442900
Azerbaijan,2007,Male,1232010,Female,1280085,Both Sexes,2512095
Azerbaijan,2008,Male,1243190,Female,1298603,Both Sexes,2541793
Azerbaijan,2009,Male,1316930,Female,1367211,Both Sexes,2676459
Azerbaijan,2010,Male,1335243,Female,1371986,Both Sexes,2707229
Azerbaijan,2012,Male,1373205,Female,1407377,Both Sexes,2780582
Azerbaijan,2013,Male,1392484,Female,1425022,Both Sexes,2817506
Azerbaijan,2015,Male,1425068,Female,1453748,Both Sexes,2878816
Azerbaijan,2016,Male,1438525,Female,1465616,Both Sexes,2904141
Azerbaijan,2017,Male,1450212,Female,1476040,Both Sexes,2926252
Azerbaijan,2018,Male,1460359,Female,1485161,Both Sexes,2945520
Azerbaijan,2019,Male,1658169,Female,1724808,Both Sexes,3382977
Azerbaijan,2022,Male,1144600,Female,1189100,Both Sexes,2333700
Azerbaijan,2023,Male,1148000,Female,1192700,Both Sexes,2340700
Bahamas,2000,Male,101558,Female,109274,Both Sexes,210832
Bahamas,2009,Male,119700,Female,124700,Both Sexes,244400
Bahamas,2016,Male,128100,Female,138000,Both Sexes,266100
Bahamas,2022,Male,141337,Female,155395,Both Sexes,296732
Bahrain,2001,Male,98320,Female,55075,Both Sexes,153395
Bangladesh,2001,Male,6478529,Female,5267462,Both Sexes,11745991
Bangladesh,2011,Male,7623781,Female,6433418,Both Sexes,14057199
Bangladesh,2022,Male,14518676,Female,13112067,Both Sexes,27632646
Belarus,1999,Male,2176036,Female,2471488,Both Sexes,4647524
Belarus,2003,Male,2175880,Female,2507772,Both Sexes,4683652
Belarus,2004,Male,2187662,Female,2534423,Both Sexes,4722085
Belarus,2006,Male,2240084,Female,2606056,Both Sexes,4846140
Belarus,2008,Male,2214231,Female,2586796,Both Sexes,4801027
Belarus,2009,Male,2288515,Female,2680856,Both Sexes,4969342
Belarus,2010,Male,2217915,Female,2612663,Both Sexes,4830578
Belarus,2011,Male,2238690,Female,2644667,Both Sexes,4883357
Belarus,2012,Male,2241641,Female,2652921,Both Sexes,4894562
Belarus,2013,Male,2262818,Female,2679514,Both Sexes,4942332
Belarus,2015,Male,2359169,Female,2794819,Both Sexes,5153988
Belarus,2017,Male,2380495,Female,2823070,Both Sexes,5203565
Belarus,2018,Male,2386008,Female,2830140,Both Sexes,5216148
Belarus,2019,Male,2336174,Female,2780310,Both Sexes,5116484
Belarus,2020,Male,2337190,Female,2782133,Both Sexes,5119323
Belgium,2000,Male,1078603,Female,1162647,Both Sexes,2241250
Belgium,2001,Male,1624513,Female,1742844,Both Sexes,3367357
Belgium,2006,Male,1127067,Female,1199141,Both Sexes,2326208
Belgium,2007,Male,1697232,Female,1805072,Both Sexes,3502304
Belgium,2009,Male,1787348,Female,1892897,Both Sexes,3680245
Belgium,2011,Male,1862510,Female,1950387,Both Sexes,3812892
Belgium,2021,Male,3580061,Female,3700413,Both Sexes,7280474
Belgium,2023,Male,1506970,Female,1541107,Both Sexes,3048077
Belize,2010,Male,6779,Female,7160,Both Sexes,13939
Belize,2022,Male,9893,Female,10860,Both Sexes,20753
Benin,2013,Male,579216,Female,619594,Both Sexes,1198810
Bhutan,2005,Male,42465,Female,36720,Both Sexes,79185
Bhutan,2017,Male,58996,Female,55555,Both Sexes,114551
Bolivia,2001,Male,1807131,Female,1923924,Both Sexes,3731055
Bosnia and Herzegovina,1991,Male,661420,Female,679876,Both Sexes,1345011
Botswana,2001,Male,167110,Female,167054,Both Sexes,395465
Botswana,2011,Male,161704,Female,168849,Both Sexes,330553
Botswana,2022,Male,168376,Female,181367,Both Sexes,349743
Brazil,2010,Male,48450630,Female,52775818,Both Sexes,101226448
Brazil,2022,Male,75481838,Female,82338906,Both Sexes,159090235
Brunei,2001,Male,13639,Female,13646,Both Sexes,27285
Bulgaria,2003,Male,1155909,Female,1261959,Both Sexes,2417868
Bulgaria,2005,Male,1145816,Female,1254718,Both Sexes,2400536
Bulgaria,2006,Male,1149255,Female,1258039,Both Sexes,2407294
Bulgaria,2007,Male,1151527,Female,1260326,Both Sexes,2411854
Bulgaria,2008,Male,1155504,Female,1264942,Both Sexes,2420446
Bulgaria,2009,Male,1161355,Female,1270983,Both Sexes,2432338
Bulgaria,2010,Male,1165144,Female,1275073,Both Sexes,2440217
Bulgaria,2011,Male,1185493,Female,1288178,Both Sexes,2473671
Bulgaria,2012,Male,1186071,Female,1288889,Both Sexes,2474960
Bulgaria,2015,Male,1193612,Female,1297673,Both Sexes,2491285
Bulgaria,2016,Male,1193803,Female,1299486,Both Sexes,2493289
Bulgaria,2017,Male,1195517,Female,1302081,Both Sexes,2497598
Bulgaria,2018,Male,1196852,Female,1303336,Both Sexes,2500188
Bulgaria,2019,Male,1198042,Female,1304692,Both Sexes,2502734
Bulgaria,2020,Male,1195571,Female,1303886,Both Sexes,2499457
Bulgaria,2021,Male,1168618,Female,1279475,Both Sexes,2448093
Burkina Faso,1996,Male,541828,Female,518341,Both Sexes,1060169
Burkina Faso,2006,Male,1622133,Female,1644067,Both Sexes,3266200
Burkina Faso,2019,Male,1919617,Female,2004500,Both Sexes,3924117
Burundi,1990,Male,129195,Female,106245,Both Sexes,235440
Burundi,2008,Male,274979,Female,222190,Both Sexes,497169
Cabo Verde,2021,Male,69195,Female,72024,Both Sexes,141219
Cameroon,2005,Male,2547941,Female,2524262,Both Sexes,5316369
Canada,2001,Male,9865980,Female,10169025,Both Sexes,21364115
Canada,2003,Male,10021853,Female,10320495,Both Sexes,20342348
Canada,2004,Male,10220727,Female,10533363,Both Sexes,20754090
Canada,2005,Male,10358994,Female,10671149,Both Sexes,21030143
Canada,2006,Male,12355475,Female,13013495,Both Sexes,25349401
Canada,2007,Male,10642222,Female,10957481,Both Sexes,21599703
Canada,2008,Male,11279287,Female,11554605,Both Sexes,22833892
Canada,2009,Male,11469464,Female,11752287,Both Sexes,23221751
Canada,2010,Male,11643483,Female,11930290,Both Sexes,23573773
Canada,2011,Male,12238305,Female,12840310,Both Sexes,25078605
Canada,2014,Male,15398996,Female,15826695,Both Sexes,31225691
Canada,2016,Male,16582091,Female,17075636,Both Sexes,33634591
Canada,2017,Male,16670504,Female,17114439,Both Sexes,33784943
Canada,2018,Male,17302626,Female,17443121,Both Sexes,34743730
Canada,2019,Male,17504059,Female,17887841,Both Sexes,35391900
Canada,2020,Male,17757925,Female,18138931,Both Sexes,35896856
Canada,2021,Male,17914256,Female,18315193,Both Sexes,36221115
Canada,2022,Male,18115671,Female,18465957,Both Sexes,36581628
Canada,2024,Male,19701761,Female,19837545,Both Sexes,39539306
Chile,2002,Male,5672055,Female,6036269,Both Sexes,11709710
Chile,2004,Male,4854402,Female,5145345,Both Sexes,9999747
Chile,2006,Male,5239115,Female,5503083,Both Sexes,10742198
Chile,2007,Male,4935413,Female,5188748,Both Sexes,10124161
Chile,2008,Male,5022664,Female,5280163,Both Sexes,10302827
Chile,2009,Male,5068311,Female,5327694,Both Sexes,10396005
Chile,2010,Male,5606709,Female,5887592,Both Sexes,11494311
Chile,2011,Male,5667214,Female,5950571,Both Sexes,11617785
Chile,2012,Male,5724706,Female,6010511,Both Sexes,11735217
Chile,2013,Male,5227911,Female,5498875,Both Sexes,10726786
Chile,2014,Male,5414964,Female,5698239,Both Sexes,11113203
Chile,2015,Male,5495703,Female,5775751,Both Sexes,11271454
Chile,2016,Male,5575819,Female,5827686,Both Sexes,11403505
Chile,2017,Male,7689596,Female,8146383,Both Sexes,15830463
Chile,2020,Male,6635881,Female,6833075,Both Sexes,13468956
Chile,2021,Male,6631624,Female,6822140,Both Sexes,13453764
Chile,2022,Male,6518163,Female,6754478,Both Sexes,13272641
Chile,2023,Male,6565435,Female,6801371,Both Sexes,13366806
Chile,2024,Male,6875257,Female,7069624,Both Sexes,13944881
China,2000,Male,301801933,Female,286650768,Both Sexes,588452701
China,2010,Male,21981346,Female,20650218,Both Sexes,42631564
Colombia,2005,Male,11694713,Female,12758228,Both Sexes,24452941
Colombia,2018,Male,12891456,Female,14039265,Both Sexes,26930721
Costa Rica,2000,Male,759278,Female,775160,Both Sexes,1534438
Costa Rica,2003,Male,473059,Female,469259,Both Sexes,942318
Costa Rica,2006,Male,487999,Female,484041,Both Sexes,972040
Costa Rica,2007,Male,547189,Female,541316,Both Sexes,1088505
Costa Rica,2009,Male,1155569,Female,1135207,Both Sexes,2290776
Costa Rica,2010,Male,1175856,Female,1154653,Both Sexes,2330509
Costa Rica,2011,Male,980416,Female,1039594,Both Sexes,2020010
Costa Rica,2015,Male,1135299,Female,1123613,Both Sexes,2258912
Costa Rica,2016,Male,1147996,Female,1136510,Both Sexes,2284506
Costa Rica,2017,Male,1160534,Female,1149204,Both Sexes,2309738
Costa Rica,2018,Male,1172564,Female,1161600,Both Sexes,2334164
Costa Rica,2019,Male,1184420,Female,1173776,Both Sexes,2358196
Costa Rica,2020,Male,1195870,Female,1185552,Both Sexes,2381422
Costa Rica,2021,Male,1206849,Female,1196944,Both Sexes,2403793
Costa Rica,2022,Male,1173025,Female,1163115,Both Sexes,2336140
Costa Rica,2023,Male,1237657,Female,1229302,Both Sexes,2466959
Costa Rica,2025,Male,1247058,Female,1239455,Both Sexes,2486513
Croatia,2001,Male,576484,Female,650014,Both Sexes,1226498
Croatia,2011,Male,565124,Female,639667,Both Sexes,1204791
Croatia,2021,Male,529612,Female,602373,Both Sexes,1131985
Cuba,2002,Male,2133844,Female,2282543,Both Sexes,4416387
Cuba,2012,Male,2419915,Female,2566396,Both Sexes,4986311
Cuba,2021,Male,2207648,Female,2403466,Both Sexes,4611120
Cuba,2022,Male,2210204,Female,2413088,Both Sexes,4623292
Cyprus,2021,Male,217122,Female,236531,Both Sexes,453653
Czechia,2003,Male,1145958,Female,1254788,Both Sexes,2400746
Czechia,2004,Male,1143496,Female,1252761,Both Sexes,2396257
Czechia,2005,Male,1149535,Female,1253369,Both Sexes,2402904
Czechia,2007,Male,1177231,Female,1267140,Both Sexes,2444275
Czechia,2008,Male,1195605,Female,1276311,Both Sexes,2471916
Czechia,2009,Male,1205838,Female,1282485,Both Sexes,2488323
Czechia,2011,Male,1217834,Female,1304345,Both Sexes,2522179
Czechia,2012,Male,1199045,Female,1277790,Both Sexes,2476835
Czechia,2013,Male,1199709,Female,1278657,Both Sexes,2478366
Czechia,2014,Male,1196929,Female,1277245,Both Sexes,2474174
Czechia,2015,Male,1203240,Female,1285100,Both Sexes,2488340
Czechia,2016,Male,1207864,Female,1288733,Both Sexes,2496597
Czechia,2017,Male,1215705,Female,1295102,Both Sexes,2510807
Czechia,2018,Male,1224321,Female,1301535,Both Sexes,2525856
Czechia,2019,Male,1234225,Female,1307319,Both Sexes,2541544
Czechia,2020,Male,1245871,Female,1313682,Both Sexes,2559553
Czechia,2021,Male,1262719,Female,1326417,Both Sexes,2588863
Denmark,2001,Male,553646,Female,577522,Both Sexes,1131168
Denmark,2005,Male,562128,Female,581105,Both Sexes,1143233
Denmark,2006,Male,563502,Female,581433,Both Sexes,1144935
Denmark,2007,Male,582051,Female,598823,Both Sexes,1180874
Denmark,2008,Male,587870,Female,604251,Both Sexes,1192121
Denmark,2009,Male,706881,Female,722690,Both Sexes,1429571
Denmark,2010,Male,715605,Female,730963,Both Sexes,1446568
Denmark,2011,Male,724854,Female,740111,Both Sexes,1464965
Denmark,2012,Male,781318,Female,802258,Both Sexes,1583576
Denmark,2013,Male,792457,Female,812978,Both Sexes,1605435
Denmark,2014,Male,802754,Female,822535,Both Sexes,1625289
Denmark,2015,Male,813107,Female,832643,Both Sexes,1645750
Denmark,2016,Male,824989,Female,843223,Both Sexes,1668212
Denmark,2017,Male,835192,Female,853265,Both Sexes,1688457
Denmark,2018,Male,845161,Female,862807,Both Sexes,1707968
Denmark,2019,Male,854131,Female,872358,Both Sexes,1726489
Denmark,2020,Male,860523,Female,880215,Both Sexes,1740738
Denmark,2021,Male,865925,Female,885948,Both Sexes,1751873
Dominican Republic,2002,Male,1705372,Female,1805800,Both Sexes,3511172
Dominican Republic,2010,Male,2557158,Female,2685357,Both Sexes,5242515
Ecuador,2010,Male,3292310,Female,3450525,Both Sexes,6742835
Ecuador,2022,Male,4161877,Female,4445082,Both Sexes,8606959
Egypt,1996,Male,9571569,Female,9114459,Both Sexes,18686028
Egypt,2006,Male,11818077,Female,11403696,Both Sexes,23221773
Egypt,2017,Male,8374977,Female,7805997,Both Sexes,16180974
El Salvador,1992,Male,1320128,Female,1467935,Both Sexes,2788063
El Salvador,2003,Male,1270353,Female,1364347,Both Sexes,2634320
El Salvador,2007,Male,909929,Female,1050612,Both Sexes,1960541
El Salvador,2013,Male,872384,Female,1019370,Both Sexes,1891759
El Salvador,2014,Male,872142,Female,1020357,Both Sexes,1892505
El Salvador,2016,Male,1001730,Female,1170228,Both Sexes,2171958
El Salvador,2017,Male,1005971,Female,1175391,Both Sexes,2181362
El Salvador,2021,Male,1020810,Female,1192559,Both Sexes,2213369
Eritrea,1984,Male,129588,Female,151522,Both Sexes,281110
Estonia,2002,Male,224149,Female,274808,Both Sexes,498957
Estonia,2003,Male,223753,Female,274253,Both Sexes,498006
Estonia,2006,Male,224370,Female,274006,Both Sexes,498376
Estonia,2007,Male,225050,Female,274375,Both Sexes,499425
Estonia,2008,Male,225841,Female,274879,Both Sexes,500720
Estonia,2009,Male,226612,Female,275406,Both Sexes,502018
Estonia,2010,Male,227424,Female,275904,Both Sexes,503328
Estonia,2011,Male,228282,Female,276324,Both Sexes,504606
Estonia,2012,Male,184890,Female,223056,Both Sexes,407946
Estonia,2014,Male,230630,Female,278882,Both Sexes,509512
Estonia,2015,Male,231442,Female,279672,Both Sexes,511114
Estonia,2016,Male,231199,Female,285908,Both Sexes,517107
Estonia,2017,Male,232869,Female,286793,Both Sexes,519662
Estonia,2018,Male,236180,Female,288340,Both Sexes,524520
Estonia,2019,Male,238859,Female,289568,Both Sexes,528427
Estonia,2020,Male,240839,Female,289752,Both Sexes,530591
Estonia,2021,Male,251216,Female,291176,Both Sexes,536293
Estonia,2023,Male,258890,Female,295698,Both Sexes,554588
Fiji,1996,Male,83910,Female,84065,Both Sexes,167975
Fiji,2007,Male,37032,Female,37449,Both Sexes,74481
Fiji,2017,Male,46696,Female,47174,Both Sexes,93870
Finland,2003,Male,696759,Female,769137,Both Sexes,1465894
Finland,2004,Male,786389,Female,868111,Both Sexes,1654502
Finland,2005,Male,706030,Female,776466,Both Sexes,1482494
Finland,2006,Male,799267,Female,878509,Both Sexes,1677778
Finland,2007,Male,719790,Female,787699,Both Sexes,1507493
Finland,2008,Male,839932,Female,914606,Both Sexes,1754541
Finland,2009,Male,850057,Female,923148,Both Sexes,1773206
Finland,2010,Male,865099,Female,936093,Both Sexes,1801192
Finland,2011,Male,870686,Female,941356,Both Sexes,1812045
Finland,2012,Male,955562,Female,1028068,Both Sexes,1983632
Finland,2013,Male,969200,Female,1040006,Both Sexes,2009211
Finland,2014,Male,984541,Female,1053949,Both Sexes,2038486
Finland,2015,Male,1005058,Female,1073082,Both Sexes,2078142
Finland,2016,Male,1021474,Female,1086896,Both Sexes,2108372
Finland,2017,Male,1035681,Female,1098423,Both Sexes,2134101
Finland,2018,Male,1048613,Female,1109653,Both Sexes,2158269
Finland,2019,Male,1061247,Female,1121415,Both Sexes,2182664
Finland,2021,Male,1077068,Female,1136220,Both Sexes,2213288
Finland,2023,Male,1102849,Female,1156685,Both Sexes,2259534
Finland,2024,Male,1123647,Female,1176326,Both Sexes,2299973
France,1999,Male,11206310,Female,12210141,Both Sexes,23416451
France,2010,Male,12282820,Female,13369067,Both Sexes,25651905
France,2015,Male,12655995,Female,13735926,Both Sexes,26391927
France,2021,Male,12369482,Female,13421420,Both Sexes,25790941
Gabon,1993,Male,212383,Female,206233,Both Sexes,418616
Gabon,2013,Male,493508,Female,457461,Both Sexes,950969
Gambia,1993,Male,22268,Female,20058,Both Sexes,42326
Georgia,2002,Male,685795,Female,820039,Both Sexes,1505834
Georgia,2014,Male,682558,Female,805301,Both Sexes,1487859
Germany,1999,Male,12207456,Female,13096485,Both Sexes,25303941
Germany,2011,Male,12477059,Female,13152690,Both Sexes,25623926
Germany,2012,Male,12528898,Female,13160004,Both Sexes,25688902
Germany,2013,Male,12053050,Female,12777931,Both Sexes,24830981
Germany,2014,Male,12167978,Female,12863401,Both Sexes,25031379
Germany,2015,Male,12358831,Female,13009486,Both Sexes,25368317
Germany,2016,Male,12706855,Female,13249379,Both Sexes,25956234
Germany,2018,Male,12949638,Female,13461001,Both Sexes,26410639
Germany,2019,Male,13070883,Female,13568942,Both Sexes,26639825
Germany,2022,Male,3855886,Female,4045950,Both Sexes,7901835
Germany,2023,Male,13170537,Female,13713049,Both Sexes,26883586
Ghana,2000,Male,1717228,Female,1745368,Both Sexes,3462596
Ghana,2010,Male,2211783,Female,2390462,Both Sexes,4602245
Greece,2001,Male,982849,Female,1070935,Both Sexes,2053784
Greece,2011,Male,872503,Female,963876,Both Sexes,1836379
Grenada,2011,Male,19124,Female,19127,Both Sexes,38251
Grenada,2012,Male,17355,Female,17612,Both Sexes,34967
Grenada,2013,Male,17512,Female,17774,Both Sexes,35286
Grenada,2014,Male,17594,Female,17951,Both Sexes,35545
Grenada,2015,Male,17708,Female,18072,Both Sexes,35780
Grenada,2016,Male,17839,Female,17521,Both Sexes,35360
Grenada,2017,Male,17925,Female,17613,Both Sexes,35538
Grenada,2018,Male,18345,Female,18040,Both Sexes,36385
Grenada,2019,Male,18437,Female,18149,Both Sexes,36586
Guatemala,2001,Male,1040222,Female,1091091,Both Sexes,2131313
Guatemala,2002,Male,444429,Female,497919,Both Sexes,942348
Guatemala,2018,Male,438695,Female,484697,Both Sexes,923392
Guinea,2014,Male,1546152,Female,1544972,Both Sexes,3091124
Guyana,2002,Male,63973,Female,70524,Both Sexes,134497
Honduras,2001,Male,673573,Female,750076,Both Sexes,1423649
Honduras,2013,Male,1201803,Female,1358153,Both Sexes,2559964
Hungary,2001,Male,1819385,Female,2071897,Both Sexes,3891282
Hungary,2003,Male,1320580,Female,1552440,Both Sexes,2873019
Hungary,2004,Male,1311293,Female,1545261,Both Sexes,2856556
Hungary,2005,Male,1308487,Female,1541921,Both Sexes,2850410
Hungary,2006,Male,1308466,Female,1541920,Both Sexes,2850387
Hungary,2007,Male,1309918,Female,1545259,Both Sexes,2855179
Hungary,2008,Male,1823976,Female,2095581,Both Sexes,3919560
Hungary,2009,Male,1840107,Female,2111848,Both Sexes,3951958
Hungary,2010,Male,1854007,Female,2124970,Both Sexes,3978979
Hungary,2011,Male,1863685,Female,2133746,Both Sexes,3997433
Hungary,2012,Male,1787747,Female,2027891,Both Sexes,3815643
Hungary,2013,Male,1794037,Female,2032478,Both Sexes,3826517
Hungary,2014,Male,1802208,Female,2039208,Both Sexes,3841418
Hungary,2015,Male,1878963,Female,2116762,Both Sexes,3995725
Hungary,2016,Male,1882589,Female,2117290,Both Sexes,3999880
Hungary,2017,Male,1887393,Female,2117584,Both Sexes,4004979
Hungary,2018,Male,1898007,Female,2120938,Both Sexes,4018945
Hungary,2019,Male,1909531,Female,2125627,Both Sexes,4035160
Hungary,2020,Male,1910435,Female,2122455,Both Sexes,4032892
Hungary,2022,Male,1901067,Female,2092641,Both Sexes,3993708
Hungary,2023,Male,1297800,Female,1471271,Both Sexes,2769071
Iceland,2003,Male,89154,Female,91669,Both Sexes,180823
Iceland,2005,Male,91767,Female,93902,Both Sexes,185669
Iceland,2006,Male,94265,Female,95602,Both Sexes,189867
Iceland,2007,Male,97201,Female,97259,Both Sexes,194460
Iceland,2008,Male,101365,Female,99604,Both Sexes,200969
Iceland,2009,Male,100896,Female,100702,Both Sexes,201598
Iceland,2010,Male,100044,Female,101306,Both Sexes,201350
Iceland,2012,Male,101577,Female,103057,Both Sexes,204634
Iceland,2013,Male,102828,Female,104385,Both Sexes,207213
Iceland,2014,Male,104274,Female,105742,Both Sexes,210017
Iceland,2015,Male,105666,Female,106784,Both Sexes,212450
Iceland,2016,Male,107419,Female,107829,Both Sexes,215248
Iceland,2017,Male,110332,Female,109348,Both Sexes,219681
Iceland,2018,Male,114034,Female,111323,Both Sexes,225357
Iceland,2019,Male,117297,Female,113335,Both Sexes,230632
Iceland,2021,Male,116669,Female,113988,Both Sexes,230657
India,2001,Male,115096191,Female,102358064,Both Sexes,217454255
India,2011,Male,118928599,Female,108964818,Both Sexes,227893417
Indonesia,2005,Male,17134718,Female,17372552,Both Sexes,34507270
Indonesia,2010,Male,19519411,Female,19282061,Both Sexes,38801472
Indonesia,2020,Male,22024073,Female,21841891,Both Sexes,43865964
Iran,2006,Male,17123105,Female,16490065,Both Sexes,33845075
Iran,2011,Male,19064848,Female,18875651,Both Sexes,37940499
Iran,2016,Male,21264773,Female,21007622,Both Sexes,42272395
Ireland,2002,Male,575557,Female,615296,Both Sexes,1190853
Ireland,2006,Male,605641,Female,630512,Both Sexes,1236153
Ireland,2011,Male,637205,Female,672004,Both Sexes,1309209
Ireland,2016,Male,328574,Female,339924,Both Sexes,1381848
Israel,1995,Male,1218535,Female,1293970,Both Sexes,2512505
Israel,2003,Male,1415200,Female,1496100,Both Sexes,2911500
Israel,2004,Male,1431800,Female,1511300,Both Sexes,2943300
Israel,2005,Male,1500900,Female,1581200,Both Sexes,3082100
Israel,2006,Male,1520697,Female,1599697,Both Sexes,3120397
Israel,2007,Male,1540898,Female,1618735,Both Sexes,3159639
Israel,2008,Male,1592188,Female,1668342,Both Sexes,3259938
Israel,2009,Male,1601565,Female,1678260,Both Sexes,3279827
Israel,2010,Male,1623863,Female,1698575,Both Sexes,3322440
Israel,2011,Male,1645135,Female,1718696,Both Sexes,3363833
Israel,2012,Male,1666789,Female,1738627,Both Sexes,3405418
Israel,2013,Male,1691287,Female,1761435,Both Sexes,3452729
Israel,2014,Male,1720033,Female,1789176,Both Sexes,3509210
Israel,2015,Male,1801923,Female,1870144,Both Sexes,3672074
Israel,2016,Male,1833896,Female,1900943,Both Sexes,3734842
Israel,2017,Male,1863996,Female,1930112,Both Sexes,3794107
Israel,2018,Male,1942830,Female,2011000,Both Sexes,3953832
Israel,2019,Male,1975400,Female,2041587,Both Sexes,4016985
Israel,2020,Male,2003617,Female,2067550,Both Sexes,4071167
Israel,2021,Male,2025747,Female,2087531,Both Sexes,4113280
Israel,2022,Male,2208851,Female,2252789,Both Sexes,4460858
Israel,2024,Male,2176372,Female,2244050,Both Sexes,4420438
Italy,2001,Male,6259042,Female,6969565,Both Sexes,13228607
Italy,2003,Male,6277562,Female,6984912,Both Sexes,13262474
Italy,2004,Male,6373082,Female,7080958,Both Sexes,13454021
Italy,2005,Male,6420777,Female,7119547,Both Sexes,13540324
Italy,2006,Male,6456868,Female,7150867,Both Sexes,13607745
Italy,2007,Male,6456868,Female,7150867,Both Sexes,13607745
Italy,2008,Male,6598962,Female,7310608,Both Sexes,13909570
Italy,2009,Male,6615592,Female,7334386,Both Sexes,13949990
Italy,2010,Male,6639902,Female,7364529,Both Sexes,14004432
Italy,2011,Male,6674048,Female,7397695,Both Sexes,14071751
Italy,2012,Male,6414593,Female,7173538,Both Sexes,13588117
Italy,2013,Male,6589947,Female,7321145,Both Sexes,13911103
Italy,2014,Male,6748573,Female,7454083,Both Sexes,14202665
Italy,2016,Male,6750369,Female,7433592,Both Sexes,14183976
Italy,2017,Male,6756884,Female,7420934,Both Sexes,14177832
Italy,2018,Male,6728896,Female,7375032,Both Sexes,14103942
Italy,2020,Male,6609547,Female,7229986,Both Sexes,13839546
Italy,2021,Male,6563079,Female,7152966,Both Sexes,13716036
Italy,2023,Male,8489070,Female,9143308,Both Sexes,17632378
Ivory Coast,2014,Male,3273837,Female,3244357,Both Sexes,6518194
Jamaica,1991,Male,250369,Female,287775,Both Sexes,538144
Jamaica,2001,Male,408670,Female,458444,Both Sexes,867114
Jamaica,2011,Male,497375,Female,538232,Both Sexes,1035607
Japan,2000,Male,37827483,Female,39054781,Both Sexes,76882264
Japan,2003,Male,38450536,Female,39825614,Both Sexes,78276150
Japan,2004,Male,38524642,Female,39971209,Both Sexes,78495851
Japan,2005,Male,43266341,Female,44914807,Both Sexes,88181148
Japan,2010,Male,43323321,Female,45455823,Both Sexes,88779144
Japan,2015,Male,43763785,Female,46030560,Both Sexes,89794345
Japan,2020,Male,43427219,Female,45842050,Both Sexes,89269269
Jordan,2004,Male,991313,Female,937556,Both Sexes,1928869
Jordan,2015,Male,4152128,Female,3660494,Both Sexes,7812622
Kazakhstan,2003,Male,2751488,Female,3186025,Both Sexes,5937513
Kazakhstan,2004,Male,2785863,Female,3230023,Both Sexes,6015886
Kazakhstan,2006,Male,2793795,Female,3259282,Both Sexes,6053077
Kazakhstan,2007,Male,2789569,Female,3255001,Both Sexes,6044570
Kazakhstan,2008,Male,2989335,Female,3470799,Both Sexes,6460134
Kazakhstan,2009,Male,3056202,Female,3549885,Both Sexes,6606087
Kazakhstan,2010,Male,3197551,Female,3676169,Both Sexes,6873720
Kazakhstan,2011,Male,3262704,Female,3753217,Both Sexes,7015921
Kazakhstan,2012,Male,3595893,Female,4105944,Both Sexes,7701837
Kazakhstan,2013,Male,3677736,Female,4193097,Both Sexes,7870833
Kazakhstan,2014,Male,3534610,Female,4046502,Both Sexes,7581112
Kazakhstan,2015,Male,3680030,Female,4195636,Both Sexes,7875666
Kazakhstan,2016,Male,3777204,Female,4299021,Both Sexes,8076225
Kazakhstan,2017,Male,3870750,Female,4400346,Both Sexes,8271096
Kazakhstan,2018,Male,4069591,Female,4612950,Both Sexes,8682551
Kazakhstan,2019,Male,4094067,Female,4637025,Both Sexes,8731092
Kazakhstan,2020,Male,4201531,Female,4732835,Both Sexes,8934373
Kazakhstan,2021,Male,4456761,Female,5015028,Both Sexes,9461891
Kazakhstan,2022,Male,4917061,Female,5437571,Both Sexes,10354632
Kazakhstan,2023,Male,4977467,Female,5501834,Both Sexes,10479308
Kenya,2009,Male,3732011,Female,3614360,Both Sexes,7346385
Kenya,2019,Male,5028282,Female,5091216,Both Sexes,10120003
Kiribati,2015,Male,30416,Female,32601,Both Sexes,63017
Kuwait,1995,Male,180021,Female,80670,Both Sexes,260691
Kuwait,2005,Male,26706,Female,5697,Both Sexes,32403
Kyrgyzstan,1999,Male,476926,Female,517814,Both Sexes,994740
Kyrgyzstan,2003,Male,493722,Female,539019,Both Sexes,1032741
Kyrgyzstan,2004,Male,494582,Female,540901,Both Sexes,1035483
Kyrgyzstan,2005,Male,499400,Female,545900,Both Sexes,1045300
Kyrgyzstan,2006,Male,503100,Female,549400,Both Sexes,1052500
Kyrgyzstan,2007,Male,506600,Female,553400,Both Sexes,1060000
Kyrgyzstan,2009,Male,523155,Female,594751,Both Sexes,1117906
Kyrgyzstan,2012,Male,534950,Female,607656,Both Sexes,1142606
Kyrgyzstan,2014,Male,560624,Female,633636,Both Sexes,1194260
Kyrgyzstan,2015,Male,574062,Female,646869,Both Sexes,1220931
Kyrgyzstan,2016,Male,587625,Female,660630,Both Sexes,1248255
Kyrgyzstan,2017,Male,601455,Female,675174,Both Sexes,1276629
Kyrgyzstan,2019,Male,693265,Female,773437,Both Sexes,1466702
Kyrgyzstan,2020,Male,711800,Female,791755,Both Sexes,1503555
Kyrgyzstan,2021,Male,728974,Female,809550,Both Sexes,1538524
Kyrgyzstan,2023,Male,776249,Female,873165,Both Sexes,1649414
Kyrgyzstan,2024,Male,924576,Female,1034504,Both Sexes,1959080
Latvia,2000,Male,393605,Female,485989,Both Sexes,879594
Latvia,2002,Male,382088,Female,474116,Both Sexes,856204
Latvia,2004,Male,376372,Female,467935,Both Sexes,844307
Latvia,2005,Male,374035,Female,465566,Both Sexes,839601
Latvia,2006,Male,370791,Female,463028,Both Sexes,833819
Latvia,2007,Male,367494,Female,459459,Both Sexes,826953
Latvia,2008,Male,364834,Female,455767,Both Sexes,820601
Latvia,2009,Male,361855,Female,452250,Both Sexes,814105
Latvia,2010,Male,358620,Female,448036,Both Sexes,806656
Latvia,2011,Male,290117,Female,368523,Both Sexes,658640
Latvia,2013,Male,323204,Female,408582,Both Sexes,731786
Latvia,2014,Male,322082,Female,407025,Both Sexes,729107
Latvia,2015,Male,321560,Female,404906,Both Sexes,726466
Latvia,2016,Male,321867,Female,403885,Both Sexes,725752
Latvia,2018,Male,320562,Female,400659,Both Sexes,721221
Latvia,2019,Male,318335,Female,396883,Both Sexes,715218
Latvia,2020,Male,316364,Female,393169,Both Sexes,709533
Latvia,2021,Male,308989,Female,386256,Both Sexes,695245
Latvia,2023,Male,306457,Female,381882,Both Sexes,688339
Lebanon,1970,Male,239130,Female,235740,Both Sexes,1066551
Lebanon,2007,Male,166282,Female,195084,Both Sexes,361366
Lebanon,2011,Male,179737,Female,183296,Both Sexes,363033
Liberia,2008,Male,476473,Female,494351,Both Sexes,970824
Liechtenstein,2003,Male,2382,Female,2618,Both Sexes,5000
Liechtenstein,2004,Male,2411,Female,2603,Both Sexes,5014
Liechtenstein,2005,Male,2418,Female,2601,Both Sexes,5019
Liechtenstein,2006,Male,2441,Female,2609,Both Sexes,5050
Liechtenstein,2007,Male,2463,Female,2628,Both Sexes,5091
Liechtenstein,2008,Male,2461,Female,2630,Both Sexes,5091
Liechtenstein,2009,Male,2505,Female,2667,Both Sexes,5172
Liechtenstein,2010,Male,2521,Female,2686,Both Sexes,5207
Liechtenstein,2011,Male,2528,Female,2701,Both Sexes,5229
Liechtenstein,2013,Male,2552,Female,2718,Both Sexes,5270
Liechtenstein,2015,Male,2630,Female,2809,Both Sexes,5435
Liechtenstein,2017,Male,2650,Female,2800,Both Sexes,5450
Liechtenstein,2018,Male,2739,Female,2866,Both Sexes,5605
Liechtenstein,2019,Male,2778,Female,2890,Both Sexes,5668
Liechtenstein,2020,Male,2808,Female,2933,Both Sexes,5741
Liechtenstein,2021,Male,2830,Female,2944,Both Sexes,5774
Lithuania,2001,Male,623437,Female,744379,Both Sexes,1367816
Lithuania,2003,Male,616162,Female,737522,Both Sexes,1353684
Lithuania,2004,Male,611443,Female,733220,Both Sexes,1344663
Lithuania,2005,Male,607380,Female,729871,Both Sexes,1337251
Lithuania,2006,Male,604416,Female,727552,Both Sexes,1331968
Lithuania,2007,Male,601616,Female,725868,Both Sexes,1327484
Lithuania,2008,Male,598931,Female,724288,Both Sexes,1323219
Lithuania,2009,Male,596270,Female,723180,Both Sexes,1319450
Lithuania,2010,Male,592477,Female,721404,Both Sexes,1313881
Lithuania,2011,Male,546106,Female,676356,Both Sexes,1222462
Lithuania,2013,Male,536952,Female,667727,Both Sexes,1204679
Lithuania,2014,Male,535124,Female,666305,Both Sexes,1201429
Lithuania,2015,Male,531882,Female,664188,Both Sexes,1196070
Lithuania,2016,Male,527385,Female,659511,Both Sexes,1186896
Lithuania,2017,Male,524637,Female,653142,Both Sexes,1177779
Lithuania,2018,Male,525212,Female,648817,Both Sexes,1174029
Lithuania,2019,Male,532348,Female,648531,Both Sexes,1180879
Lithuania,2020,Male,543275,Female,649948,Both Sexes,1193223
Lithuania,2021,Male,499706,Female,597863,Both Sexes,1097569
Lithuania,2023,Male,567688,Female,672250,Both Sexes,1239938
Luxembourg,2001,Male,37267,Female,39421,Both Sexes,76688
Luxembourg,2013,Male,52564,Female,51077,Both Sexes,103641
Luxembourg,2014,Male,54564,Female,52683,Both Sexes,107247
Luxembourg,2015,Male,56743,Female,54544,Both Sexes,111287
Luxembourg,2016,Male,58976,Female,56251,Both Sexes,115227
Luxembourg,2017,Male,58507,Female,55796,Both Sexes,114303
Luxembourg,2018,Male,59544,Female,56779,Both Sexes,116323
Luxembourg,2019,Male,61216,Female,57999,Both Sexes,119215
Luxembourg,2020,Male,63314,Female,59509,Both Sexes,122823
Luxembourg,2021,Male,64213,Female,60296,Both Sexes,124509
Luxembourg,2022,Male,66706,Female,61788,Both Sexes,128494
Madagascar,1993,Male,580673,Female,609447,Both Sexes,1190120
Madagascar,2018,Male,1238612,Female,1343698,Both Sexes,2582310
Malawi,2003,Male,882624,Female,883674,Both Sexes,1766298
Malawi,2018,Male,1058840,Female,1057027,Both Sexes,2115867
Malaysia,2000,Male,2785530,Female,2763607,Both Sexes,5549137
Malaysia,2010,Male,6853633,Female,6540146,Both Sexes,13393779
Malaysia,2020,Male,14644008,Female,13370301,Both Sexes,28014309
Maldives,2000,Male,38559,Female,35510,Both Sexes,74069
Maldives,2006,Male,51992,Female,51701,Both Sexes,103693
Maldives,2011,Male,56417,Female,56355,Both Sexes,112771
Maldives,2012,Male,58288,Female,58330,Both Sexes,116618
Maldives,2014,Male,85438,Female,68466,Both Sexes,153904
Maldives,2017,Male,71326,Female,71582,Both Sexes,142908
Maldives,2018,Male,129333,Female,80914,Both Sexes,210247
Maldives,2019,Male,137613,Female,84064,Both Sexes,221677
Maldives,2021,Male,150877,Female,90106,Both Sexes,240984
Maldives,2022,Male,124894,Female,87014,Both Sexes,211908
Maldives,2024,Male,164285,Female,98640,Both Sexes,262925
Mali,2009,Male,1296088,Female,1285756,Both Sexes,2581844
Malta,2003,Male,3399,Female,3738,Both Sexes,7137
Malta,2004,Male,3394,Female,3717,Both Sexes,7111
Malta,2005,Male,3382,Female,3704,Both Sexes,7086
Malta,2006,Male,3071,Female,3235,Both Sexes,6306
Malta,2007,Male,3089,Female,3229,Both Sexes,6318
Malta,2008,Male,3096,Female,3219,Both Sexes,6315
Malta,2009,Male,3076,Female,3211,Both Sexes,6287
Malta,2010,Male,3058,Female,3222,Both Sexes,6280
Malta,2011,Male,2804,Female,2966,Both Sexes,5770
Malta,2013,Male,2794,Female,2927,Both Sexes,5721
Malta,2014,Male,2794,Female,2895,Both Sexes,5689
Malta,2015,Male,2798,Female,2882,Both Sexes,5680
Malta,2016,Male,2834,Female,2896,Both Sexes,5730
Malta,2017,Male,2836,Female,2899,Both Sexes,5735
Malta,2018,Male,2918,Female,2909,Both Sexes,5827
Malta,2019,Male,2937,Female,2923,Both Sexes,5860
Malta,2020,Male,2956,Female,2920,Both Sexes,5876
Malta,2021,Male,2638,Female,2519,Both Sexes,5157
Marshall Islands,1999,Male,12075,Female,11601,Both Sexes,23676
Marshall Islands,2021,Male,11670,Female,11486,Both Sexes,23156
Mauritania,2000,Male,294686,Female,263509,Both Sexes,558195
Mauritania,2013,Male,562160,Female,514406,Both Sexes,1076566
Mauritius,2000,Male,114188,Female,117539,Both Sexes,231727
Mauritius,2003,Male,176633,Female,181597,Both Sexes,358230
Mauritius,2005,Male,178385,Female,183715,Both Sexes,362100
Mauritius,2006,Male,179129,Female,184675,Both Sexes,363804
Mauritius,2007,Male,179535,Female,185327,Both Sexes,364862
Mauritius,2008,Male,180105,Female,186073,Both Sexes,366178
Mauritius,2009,Male,180242,Female,186701,Both Sexes,366943
Mauritius,2010,Male,180452,Female,187059,Both Sexes,367511
Mauritius,2011,Male,180531,Female,187523,Both Sexes,368054
Mauritius,2012,Male,173498,Female,178673,Both Sexes,352171
Mauritius,2014,Male,178387,Female,183275,Both Sexes,361662
Mauritius,2015,Male,177991,Female,182854,Both Sexes,360845
Mauritius,2016,Male,177463,Female,182204,Both Sexes,359667
Mauritius,2017,Male,177038,Female,181681,Both Sexes,358719
Mauritius,2018,Male,176515,Female,181041,Both Sexes,357556
Mauritius,2019,Male,175943,Female,180467,Both Sexes,356410
Mauritius,2020,Male,175194,Female,179739,Both Sexes,354933
Mauritius,2021,Male,174640,Female,179071,Both Sexes,353711
Mauritius,2022,Male,174383,Female,179200,Both Sexes,353583
Mauritius,2023,Male,172166,Female,176988,Both Sexes,349154
Mauritius,2024,Male,171956,Female,175479,Both Sexes,347435
Mexico,2005,Male,24514328,Female,25997322,Both Sexes,50511675
Mexico,2007,Male,23509602,Female,24922977,Both Sexes,48432579
Mexico,2010,Male,61461318,Female,64685557,Both Sexes,126146875
Mexico,2014,Male,21774425,Female,22861284,Both Sexes,60447174
Mexico,2015,Male,33537646,Female,35391634,Both Sexes,78312237
Mexico,2016,Male,33887894,Female,35778150,Both Sexes,79268421
Mexico,2017,Male,34229483,Female,36154769,Both Sexes,80102808
Mexico,2018,Male,38097537,Female,40192797,Both Sexes,82856651
Mexico,2020,Male,48763826,Female,51090354,Both Sexes,100571058
Mexico,2021,Male,39069467,Female,41095041,Both Sexes,85038947
Mexico,2023,Male,43288284,Female,45281653,Both Sexes,88569937
Mexico,2024,Male,43890087,Female,45967020,Both Sexes,89857107
Moldova,2001,Male,387762,Female,411536,Both Sexes,799298
Moldova,2004,Male,327803,Female,384311,Both Sexes,929000
Moldova,2007,Male,435245,Female,495055,Both Sexes,930300
Moldova,2008,Male,436673,Female,496779,Both Sexes,933452
Moldova,2010,Male,437185,Female,496860,Both Sexes,934045
Moldova,2011,Male,403347,Female,461839,Both Sexes,865186
Moldova,2012,Male,405563,Female,465018,Both Sexes,870582
Moldova,2014,Male,157341,Female,181738,Both Sexes,339079
Monaco,2008,Male,15076,Female,15914,Both Sexes,31109
Mongolia,2000,Male,483784,Female,506776,Both Sexes,990560
Mongolia,2003,Male,433737,Female,459700,Both Sexes,893437
Mongolia,2004,Male,441443,Female,469541,Both Sexes,910984
Mongolia,2005,Male,457613,Female,489292,Both Sexes,946906
Mongolia,2006,Male,473130,Female,506650,Both Sexes,979780
Mongolia,2007,Male,488848,Female,523886,Both Sexes,1012733
Mongolia,2008,Male,502157,Female,539150,Both Sexes,1041307
Mongolia,2009,Male,523266,Female,563830,Both Sexes,1087096
Mongolia,2010,Male,665479,Female,703586,Both Sexes,1369065
Mongolia,2013,Male,746806,Female,818326,Both Sexes,1565132
Mongolia,2014,Male,813812,Female,888062,Both Sexes,1701876
Mongolia,2015,Male,879145,Female,946952,Both Sexes,1826099
Mongolia,2016,Male,1006390,Female,1063253,Both Sexes,2069644
Mongolia,2017,Male,1026915,Female,1085208,Both Sexes,2112123
Mongolia,2018,Male,1045534,Female,1104850,Both Sexes,2150384
Mongolia,2019,Male,1068680,Female,1129212,Both Sexes,2197892
Mongolia,2020,Male,1095367,Female,1158737,Both Sexes,2254104
Mongolia,2021,Male,1120011,Female,1186564,Both Sexes,2306578
Mongolia,2022,Male,1147206,Female,1209001,Both Sexes,2356207
Mongolia,2023,Male,1165354,Female,1240568,Both Sexes,2405921
Mongolia,2024,Male,1184186,Female,1263312,Both Sexes,2447498
Montenegro,2003,Male,82868,Female,86264,Both Sexes,169132
Montenegro,2009,Male,88381,Female,92429,Both Sexes,180810
Montenegro,2011,Male,90614,Female,95323,Both Sexes,185937
Montenegro,2023,Male,85819,Female,93686,Both Sexes,179505
Mozambique,2017,Male,5513830,Female,5940998,Both Sexes,11454828
Myanmar,2014,Male,5181746,Female,5656776,Both Sexes,10838522
Namibia,2001,Male,117306,Female,116222,Both Sexes,233529
Namibia,2011,Male,160730,Female,165128,Both Sexes,325858
Namibia,2018,Male,212628,Female,217346,Both Sexes,429974
Namibia,2023,Male,342530,Female,364995,Both Sexes,707525
Nepal,2001,Male,672788,Female,597519,Both Sexes,1270307
Nepal,2011,Male,1213497,Female,1160300,Both Sexes,2373797
Nepal,2021,Male,3498515,Female,3596987,Both Sexes,7095502
New Zealand,2001,Male,878892,Female,938586,Both Sexes,1817475
New Zealand,2005,Male,1582700,Female,1651000,Both Sexes,3233800
New Zealand,2006,Male,1671700,Female,1760000,Both Sexes,3431500
New Zealand,2008,Male,1719200,Female,1804800,Both Sexes,3524100
New Zealand,2009,Male,1744700,Female,1827100,Both Sexes,3571700
New Zealand,2010,Male,1770900,Female,1851900,Both Sexes,3623000
New Zealand,2011,Male,1439700,Female,1502300,Both Sexes,2942000
New Zealand,2012,Male,1452900,Female,1512400,Both Sexes,2965200
New Zealand,2013,Male,1345391,Female,1400782,Both Sexes,2746173
New Zealand,2014,Male,1327900,Female,1391000,Both Sexes,2718700
New Zealand,2015,Male,1362000,Female,1418600,Both Sexes,2780400
New Zealand,2016,Male,1398500,Female,1449600,Both Sexes,2848000
New Zealand,2017,Male,1433300,Female,1481500,Both Sexes,2914800
New Zealand,2018,Male,1611100,Female,1661900,Both Sexes,3272900
New Zealand,2019,Male,1481500,Female,1512000,Both Sexes,2993200
New Zealand,2020,Male,1513600,Female,1542700,Both Sexes,3056400
New Zealand,2021,Male,1513300,Female,1548000,Both Sexes,3061300
New Zealand,2024,Male,1625800,Female,1645900,Both Sexes,3271900
Nicaragua,2005,Male,495362,Female,552963,Both Sexes,1048325
Niger,2001,Male,358500,Female,349451,Both Sexes,1026543
Niger,2012,Male,885018,Female,881512,Both Sexes,1766530
North Korea,2008,Male,3872627,Female,4249803,Both Sexes,8122430
North Macedonia,2002,Male,229485,Female,237772,Both Sexes,467257
North Macedonia,2006,Male,256424,Female,265763,Both Sexes,522187
North Macedonia,2007,Male,311032,Female,319845,Both Sexes,630877
North Macedonia,2008,Male,312156,Female,321190,Both Sexes,633346
North Macedonia,2009,Male,259383,Female,269668,Both Sexes,529051
North Macedonia,2010,Male,260462,Female,270982,Both Sexes,531444
North Macedonia,2012,Male,262676,Female,273595,Both Sexes,536271
North Macedonia,2016,Male,267738,Female,279086,Both Sexes,546824
Norway,2003,Male,500013,Female,521290,Both Sexes,1021302
Norway,2005,Male,513763,Female,533007,Both Sexes,1046772
Norway,2006,Male,523088,Female,540221,Both Sexes,1063310
Norway,2007,Male,534651,Female,547991,Both Sexes,1082643
Norway,2008,Male,548054,Female,557145,Both Sexes,1105199
Norway,2009,Male,560297,Female,567521,Both Sexes,1127818
Norway,2010,Male,571319,Female,577366,Both Sexes,1148687
Norway,2011,Male,583315,Female,586697,Both Sexes,1170014
Norway,2012,Male,595071,Female,595859,Both Sexes,1190930
Norway,2014,Male,316114,Female,318179,Both Sexes,634293
Norway,2015,Male,323000,Female,324875,Both Sexes,647875
Norway,2016,Male,328022,Female,329456,Both Sexes,657478
Norway,2017,Male,332578,Female,334181,Both Sexes,666759
Norway,2018,Male,335806,Female,337663,Both Sexes,673469
Norway,2019,Male,339597,Female,341470,Both Sexes,681067
Norway,2023,Male,566039,Female,565417,Both Sexes,1131456
Oman,2003,Male,535509,Female,378743,Both Sexes,914252
Oman,2020,Male,1884315,Female,1111437,Both Sexes,2995752
Pakistan,1998,Male,16519928,Female,14614073,Both Sexes,31134001
Pakistan,2017,Male,29840197,Female,27602595,Both Sexes,57584160
Pakistan,2023,Male,39046017,Female,35896698,Both Sexes,74955655
Palau,2020,Male,5981,Female,5218,Both Sexes,11199
Palestine,2007,Male,562172,Female,540439,Both Sexes,1102611
Palestine,2017,Male,579270,Female,558477,Both Sexes,1137747
Panama,2014,Male,691978,Female,723089,Both Sexes,1415067
Panama,2015,Male,704313,Female,735884,Both Sexes,1440198
Panama,2016,Male,716972,Female,749086,Both Sexes,1466059
Panama,2017,Male,729733,Female,762434,Both Sexes,1492167
Panama,2018,Male,742445,Female,775668,Both Sexes,1518113
Panama,2019,Male,763141,Female,786730,Both Sexes,1549872
Panama,2021,Male,771908,Female,795552,Both Sexes,1567460
Panama,2022,Male,780679,Female,804661,Both Sexes,1585340
Panama,2023,Male,789378,Female,813366,Both Sexes,1602744
Panama,2024,Male,758671,Female,859827,Both Sexes,1618498
Panama,2025,Male,766195,Female,867988,Both Sexes,1634183
Papua New Guinea,2000,Male,138974,Female,115184,Both Sexes,254158
Papua New Guinea,2011,Male,194834,Female,169291,Both Sexes,364125
Paraguay,2022,Male,983069,Female,1020530,Both Sexes,2003599
Peru,2007,Male,7413061,Female,7803477,Both Sexes,15216545
Peru,2017,Male,1373563,Female,1476763,Both Sexes,17064722
Philippines,2000,Male,10782803,Female,11051416,Both Sexes,21834219
Philippines,2007,Male,12534565,Female,12741755,Both Sexes,25276320
Philippines,2010,Male,20860111,Female,21024678,Both Sexes,41884789
Philippines,2020,Male,26292203,Female,25943663,Both Sexes,52235866
Poland,2003,Male,5385887,Female,6049433,Both Sexes,11435320
Poland,2004,Male,5242646,Female,5902368,Both Sexes,11145014
Poland,2006,Male,5201177,Female,5869698,Both Sexes,11070875
Poland,2007,Male,5309577,Female,5998872,Both Sexes,11308449
Poland,2009,Male,5275524,Female,5974572,Both Sexes,11250096
Poland,2010,Male,5267491,Female,5970275,Both Sexes,11237766
Poland,2011,Male,5252543,Female,5938513,Both Sexes,11190822
Poland,2012,Male,5238881,Female,5930301,Both Sexes,11169182
Poland,2015,Male,5178508,Female,5858993,Both Sexes,11037501
Poland,2016,Male,5173646,Female,5853454,Both Sexes,11027100
Poland,2017,Male,5175555,Female,5855413,Both Sexes,11030968
Poland,2018,Male,5173074,Female,5851516,Both Sexes,11024590
Poland,2020,Male,5174773,Female,5850111,Both Sexes,11024884
Poland,2021,Male,16280260,Female,17762460,Both Sexes,34042720
Portugal,2003,Male,547423,Female,634219,Both Sexes,1181642
Portugal,2004,Male,438244,Female,514942,Both Sexes,953185
Portugal,2005,Male,430424,Female,506291,Both Sexes,936715
Portugal,2006,Male,422604,Female,497796,Both Sexes,920400
Portugal,2007,Male,414443,Female,489037,Both Sexes,903482
Portugal,2008,Male,402030,Female,475722,Both Sexes,877752
Portugal,2009,Male,398123,Female,471386,Both Sexes,869511
Portugal,2010,Male,390040,Female,462480,Both Sexes,852520
Portugal,2011,Male,695302,Female,806079,Both Sexes,1501314
Portugal,2012,Male,429748,Female,507081,Both Sexes,936829
Portugal,2013,Male,420436,Female,497923,Both Sexes,918359
Portugal,2014,Male,415960,Female,492996,Both Sexes,908957
Portugal,2015,Male,411420,Female,488173,Both Sexes,899594
Portugal,2016,Male,409921,Female,486550,Both Sexes,896472
Portugal,2017,Male,411245,Female,487687,Both Sexes,898934
Portugal,2018,Male,412654,Female,489766,Both Sexes,902422
Portugal,2020,Male,416926,Female,494195,Both Sexes,911121
Portugal,2021,Male,696471,Female,801792,Both Sexes,1498263
Portugal,2024,Male,2035256,Female,2280134,Both Sexes,4315390
Qatar,2004,Male,405438,Female,207269,Both Sexes,612707
Qatar,2006,Male,513845,Female,256363,Both Sexes,770210
Qatar,2007,Male,796754,Female,274633,Both Sexes,1071387
Qatar,2008,Male,948865,Female,294633,Both Sexes,1243498
Qatar,2010,Male,1208362,Female,379413,Both Sexes,1587775
Qatar,2015,Male,1542316,Female,520921,Both Sexes,2063237
Qatar,2020,Male,1715607,Female,702757,Both Sexes,2418364
Romania,2002,Male,2957077,Female,3270074,Both Sexes,6227151
Romania,2003,Male,3129926,Female,3472930,Both Sexes,6602856
Romania,2005,Male,3112718,Female,3462968,Both Sexes,6575686
Romania,2006,Male,3107860,Female,3463398,Both Sexes,6571167
Romania,2007,Male,3091096,Female,3451684,Both Sexes,6542780
Romania,2008,Male,3083637,Female,3448477,Both Sexes,6532114
Romania,2009,Male,3078935,Female,3447413,Both Sexes,6526348
Romania,2010,Male,3066972,Female,3441305,Both Sexes,6508277
Romania,2011,Male,3053298,Female,3432908,Both Sexes,6486206
Romania,2012,Male,3157690,Female,3547191,Both Sexes,6704881
Romania,2013,Male,868956,Female,1001567,Both Sexes,1870523
Romania,2014,Male,864157,Female,995500,Both Sexes,1859657
Romania,2015,Male,858355,Female,990495,Both Sexes,1848850
Romania,2016,Male,851800,Female,983518,Both Sexes,1835318
Romania,2017,Male,847906,Female,978924,Both Sexes,1826830
Romania,2018,Male,850884,Female,980003,Both Sexes,1830887
Romania,2019,Male,854413,Female,982559,Both Sexes,1836972
Romania,2020,Male,853854,Female,981404,Both Sexes,1835258
Romania,2021,Male,2327381,Female,2661905,Both Sexes,4989286
Romania,2022,Male,793263,Female,929602,Both Sexes,1722865
Russia,2004,Male,31240345,Female,37008427,Both Sexes,70171758
Russia,2006,Male,31262310,Female,37163611,Both Sexes,70437793
Russia,2007,Male,31432178,Female,37393145,Both Sexes,70437686
Russia,2008,Male,31441033,Female,37453976,Both Sexes,70575457
Russia,2009,Male,31409912,Female,37458581,Both Sexes,70763801
Russia,2010,Male,32486520,Female,38948953,Both Sexes,71435473
Russia,2011,Male,32181271,Female,38592896,Both Sexes,73009126
Russia,2012,Male,32717583,Female,39236663,Both Sexes,74306256
Rwanda,1991,Male,125550,Female,108090,Both Sexes,233640
Rwanda,2002,Male,325778,Female,277271,Both Sexes,878378
Rwanda,2012,Male,451673,Female,407659,Both Sexes,859332
Rwanda,2022,Male,2301161,Female,2347322,Both Sexes,4648483
Saint Lucia,2001,Male,5238,Female,5854,Both Sexes,11092
Saint Lucia,2010,Male,1790,Female,1871,Both Sexes,3661
Saint Lucia,2022,Male,6258,Female,6560,Both Sexes,12818
Samoa,2011,Male,18485,Female,18250,Both Sexes,36735
Samoa,2016,Male,18760,Female,18631,Both Sexes,37391
Samoa,2021,Male,17990,Female,17984,Both Sexes,35974
San Marino,2003,Male,2176,Female,2303,Both Sexes,4479
San Marino,2004,Male,2168,Female,2296,Both Sexes,4464
San Marino,2013,Male,2117,Female,2321,Both Sexes,4438
San Marino,2017,Male,2010,Female,2099,Both Sexes,4109
San Marino,2018,Male,2008,Female,2119,Both Sexes,4127
Sao Tome and Principe,2001,Male,24003,Female,25954,Both Sexes,49957
Saudi Arabia,1992,Male,5353029,Female,3982188,Both Sexes,9335213
Saudi Arabia,2004,Male,8343422,Female,6436631,Both Sexes,14780053
Saudi Arabia,2010,Male,10567267,Female,7722940,Both Sexes,18290207
Saudi Arabia,2022,Male,14648413,Female,8881079,Both Sexes,23529492
Senegal,2011,Male,2576672,Female,2599644,Both Sexes,5176316
Serbia,2002,Male,1090117,Female,1196262,Both Sexes,2286379
Serbia,2003,Male,1680743,Female,1820036,Both Sexes,3500779
Serbia,2005,Male,1675324,Female,1825845,Both Sexes,3501169
Serbia,2006,Male,1677165,Female,1819422,Both Sexes,3496587
Serbia,2007,Male,1680529,Female,1824573,Both Sexes,3505102
Serbia,2008,Male,1683944,Female,1829547,Both Sexes,3513491
Serbia,2009,Male,1686378,Female,1833636,Both Sexes,3520014
Serbia,2010,Male,1688621,Female,1837602,Both Sexes,3526223
Serbia,2011,Male,1669441,Female,1819479,Both Sexes,3488920
Serbia,2012,Male,1693939,Female,1838672,Both Sexes,3532611
Serbia,2013,Male,1709599,Female,1856749,Both Sexes,3566348
Serbia,2014,Male,1708870,Female,1857196,Both Sexes,3566066
Serbia,2015,Male,1759489,Female,1909221,Both Sexes,3668710
Serbia,2016,Male,1758615,Female,1908846,Both Sexes,3667461
Serbia,2017,Male,1757381,Female,1907837,Both Sexes,3665218
Serbia,2018,Male,1755882,Female,1906449,Both Sexes,3662331
Serbia,2019,Male,1754635,Female,1905409,Both Sexes,3660044
Serbia,2020,Male,1749987,Female,1901886,Both Sexes,3651873
Serbia,2021,Male,1739500,Female,1893139,Both Sexes,3632639
Serbia,2022,Male,1713761,Female,1865848,Both Sexes,3579609
Sierra Leone,2015,Male,771517,Female,783893,Both Sexes,1555410
Singapore,2010,Male,1861133,Female,1910588,Both Sexes,5076732
Singapore,2020,Male,2912155,Female,2773652,Both Sexes,5685807
Singapore,2021,Male,2771567,Female,2681999,Both Sexes,5453566
Singapore,2022,Male,2890541,Female,2746481,Both Sexes,5637022
Singapore,2023,Male,3051224,Female,2866424,Both Sexes,5917648
Singapore,2024,Male,3103862,Female,2932998,Both Sexes,6036860
Slovakia,2001,Male,313456,Female,351309,Both Sexes,664765
Slovakia,2002,Male,312602,Female,350655,Both Sexes,663257
Slovakia,2004,Male,310991,Female,349298,Both Sexes,660289
Slovakia,2005,Male,311015,Female,349215,Both Sexes,660230
Slovakia,2006,Male,311183,Female,349330,Both Sexes,660513
Slovakia,2007,Male,311768,Female,349703,Both Sexes,661471
Slovakia,2008,Male,312141,Female,349476,Both Sexes,661617
Slovakia,2009,Male,313232,Female,350270,Both Sexes,663502
Slovakia,2010,Male,314473,Female,351554,Both Sexes,666027
Slovakia,2011,Male,308020,Female,344422,Both Sexes,652444
Slovakia,2012,Male,309092,Female,345723,Both Sexes,654816
Slovakia,2013,Male,309805,Female,346663,Both Sexes,656469
Slovakia,2014,Male,310570,Female,347593,Both Sexes,658163
Slovakia,2015,Male,311957,Female,348679,Both Sexes,660637
Slovakia,2016,Male,313688,Female,349911,Both Sexes,663599
Slovakia,2017,Male,315501,Female,351362,Both Sexes,666863
Slovakia,2018,Male,317328,Female,352813,Both Sexes,670141
Slovakia,2019,Male,319466,Female,354506,Both Sexes,673972
Slovakia,2021,Male,336732,Female,367811,Both Sexes,704543
Slovenia,2002,Male,175101,Female,193683,Both Sexes,368784
Slovenia,2003,Male,167126,Female,191015,Both Sexes,358141
Slovenia,2004,Male,166376,Female,190209,Both Sexes,356585
Slovenia,2005,Male,165583,Female,189163,Both Sexes,354746
Slovenia,2006,Male,164783,Female,188123,Both Sexes,352906
Slovenia,2007,Male,167668,Female,191216,Both Sexes,358884
Slovenia,2008,Male,180154,Female,195611,Both Sexes,375765
Slovenia,2009,Male,184840,Female,197477,Both Sexes,382317
Slovenia,2010,Male,185158,Female,197846,Both Sexes,383004
Slovenia,2011,Male,184976,Female,198461,Both Sexes,383437
Slovenia,2012,Male,184374,Female,197813,Both Sexes,382187
Slovenia,2013,Male,185594,Female,199137,Both Sexes,384731
Slovenia,2014,Male,187389,Female,201506,Both Sexes,388895
Slovenia,2015,Male,188515,Female,201997,Both Sexes,390388
Slovenia,2016,Male,188289,Female,201093,Both Sexes,389382
Slovenia,2017,Male,188563,Female,200765,Both Sexes,389328
Slovenia,2018,Male,189728,Female,201204,Both Sexes,390932
Slovenia,2019,Male,193697,Female,203066,Both Sexes,396763
Slovenia,2020,Male,194517,Female,202405,Both Sexes,396922
Slovenia,2021,Male,195632,Female,203007,Both Sexes,398639
South Africa,1996,Male,340363,Female,351985,Both Sexes,9465020
South Africa,2011,Male,1341385,Female,1386456,Both Sexes,2727841
South Korea,2000,Male,18471933,Female,18298056,Both Sexes,36769989
South Korea,2005,Male,11088194,Female,11161135,Both Sexes,22249329
South Korea,2006,Male,11343914,Female,11305029,Both Sexes,22648943
South Korea,2007,Male,11331927,Female,11313611,Both Sexes,22645538
South Korea,2008,Male,11320976,Female,11323036,Both Sexes,22644012
South Korea,2009,Male,11309188,Female,11331752,Both Sexes,22640940
South Korea,2010,Male,11295822,Female,11339291,Both Sexes,22635113
South Korea,2011,Male,11280696,Female,11344895,Both Sexes,22625591
South Korea,2013,Male,9945700,Female,10131895,Both Sexes,20077595
South Korea,2014,Male,11373968,Female,11553396,Both Sexes,22927364
South Korea,2015,Male,11579157,Female,11804041,Both Sexes,23383198
South Korea,2016,Male,11685041,Female,11920510,Both Sexes,23605551
South Korea,2017,Male,11752486,Female,11948691,Both Sexes,23701177
South Korea,2018,Male,11683818,Female,11931495,Both Sexes,23615313
South Korea,2019,Male,11635667,Female,11915131,Both Sexes,23550798
South Korea,2020,Male,11564041,Female,11902209,Both Sexes,23466250
South Korea,2022,Male,15393177,Female,15648689,Both Sexes,31041866
South Sudan,2008,Male,253644,Female,209410,Both Sexes,463054
Spain,2001,Male,10585044,Female,11330497,Both Sexes,22099329
Spain,2006,Male,8635101,Female,9275015,Both Sexes,17910116
Spain,2008,Male,8881116,Female,9520525,Both Sexes,18401641
Spain,2009,Male,9015725,Female,9683460,Both Sexes,18699185
Spain,2010,Male,9010451,Female,9707979,Both Sexes,18718423
Spain,2011,Male,9087719,Female,9820951,Both Sexes,18905212
Spain,2012,Male,9003288,Female,9755213,Both Sexes,18758501
Spain,2013,Male,8891214,Female,9666915,Both Sexes,18558129
Spain,2016,Male,8828168,Female,9650044,Both Sexes,18478212
Spain,2017,Male,8853718,Female,9690242,Both Sexes,18543960
Spain,2018,Male,8954747,Female,9805442,Both Sexes,18760189
Spain,2019,Male,9040178,Female,9895585,Both Sexes,18935763
Spain,2020,Male,9053981,Female,9908405,Both Sexes,18962404
Spain,2021,Male,9054740,Female,9896853,Both Sexes,18951593
Spain,2023,Male,10626354,Female,11566270,Both Sexes,22192624
Sri Lanka,2001,Male,714429,Female,668190,Both Sexes,1382619
Suriname,2003,Male,120759,Female,122780,Both Sexes,243556
Suriname,2004,Male,120292,Female,122405,Both Sexes,242946
Suriname,2012,Male,177215,Female,181931,Both Sexes,359146
Sweden,1999,Male,1947524,Female,2032628,Both Sexes,3980152
Sweden,2006,Male,2198097,Female,2262543,Both Sexes,4460640
Sweden,2007,Male,1292722,Female,1340026,Both Sexes,2632751
Sweden,2024,Male,2098590,Female,2102098,Both Sexes,4200694
Switzerland,2000,Male,1305236,Female,1386651,Both Sexes,2691887
Switzerland,2001,Male,1176269,Female,1263630,Both Sexes,2439899
Switzerland,2006,Male,1722981,Female,1826235,Both Sexes,3549216
Switzerland,2007,Male,1780944,Female,1882396,Both Sexes,3663340
Switzerland,2008,Male,1801354,Female,1898663,Both Sexes,3700017
Switzerland,2009,Male,1911058,Female,1998944,Both Sexes,3910002
Switzerland,2011,Male,1971033,Female,2050884,Both Sexes,4021917
Switzerland,2012,Male,1982586,Female,2060734,Both Sexes,4043323
Switzerland,2015,Male,2049396,Female,2120367,Both Sexes,4169763
Switzerland,2016,Male,2163546,Female,2232681,Both Sexes,4396227
Switzerland,2017,Male,2213092,Female,2275473,Both Sexes,4488565
Switzerland,2018,Male,2283443,Female,2347620,Both Sexes,4631063
Switzerland,2019,Male,2303105,Female,2366076,Both Sexes,4669181
Switzerland,2020,Male,2322803,Female,2382633,Both Sexes,4705436
Switzerland,2021,Male,2338522,Female,2397004,Both Sexes,4735526
Tajikistan,2007,Male,348863,Female,321304,Both Sexes,825483
Tajikistan,2010,Male,456304,Female,431365,Both Sexes,887669
Tajikistan,2011,Male,382520,Female,357036,Both Sexes,739556
Tajikistan,2012,Male,391779,Female,364364,Both Sexes,756143
Tajikistan,2013,Male,399728,Female,370299,Both Sexes,770027
Tajikistan,2020,Male,648450,Female,620725,Both Sexes,1269175
Tanzania,1988,Male,1358582,Female,1280239,Both Sexes,2638821
Tanzania,2012,Male,5131818,Female,5392389,Both Sexes,10524207
Tanzania,2022,Male,4100466,Female,4414945,Both Sexes,8515411
Thailand,2000,Male,30015233,Female,30901208,Both Sexes,60916441
Thailand,2010,Male,14120841,Female,15012986,Both Sexes,29133827
Timor-Leste,2010,Male,102900,Female,89752,Both Sexes,192652
Timor-Leste,2015,Male,114792,Female,107531,Both Sexes,222323
Togo,2010,Male,402172,Female,437394,Both Sexes,839566
Togo,2022,Male,1254343,Female,1325240,Both Sexes,2579583
Tonga,2011,Male,18100,Female,17945,Both Sexes,36045
Tonga,2016,Male,17490,Female,17694,Both Sexes,35184
Tonga,2021,Male,16463,Female,17679,Both Sexes,34142
Trinidad and Tobago,1996,Male,20739,Female,22657,Both Sexes,43396
Trinidad and Tobago,2011,Male,18008,Female,19066,Both Sexes,37074
Tunisia,2014,Male,802360,Female,802715,Both Sexes,1605075
Turkey,2021,Male,36538935,Female,36524527,Both Sexes,73063462
Tuvalu,2002,Male,2281,Female,2211,Both Sexes,4492
Tuvalu,2017,Male,3307,Female,3013,Both Sexes,6320
Uganda,2002,Male,588433,Female,620111,Both Sexes,1321688
Uganda,2024,Male,2039812,Female,2236416,Both Sexes,4276228
Ukraine,2001,Male,8386884,Female,9865930,Both Sexes,18252814
Ukraine,2005,Male,8615844,Female,10207745,Both Sexes,18823589
Ukraine,2007,Male,8389851,Female,9980287,Both Sexes,18370138
Ukraine,2008,Male,8533890,Female,10167480,Both Sexes,18701370
Ukraine,2009,Male,8570085,Female,10223019,Both Sexes,18793104
Ukraine,2011,Male,8571124,Female,10239054,Both Sexes,18810178
Ukraine,2012,Male,8550980,Female,10222316,Both Sexes,18773296
Ukraine,2013,Male,8573508,Female,10224536,Both Sexes,18798044
Ukraine,2017,Male,7990592,Female,9491738,Both Sexes,17482330
Ukraine,2018,Male,7974305,Female,9478999,Both Sexes,17453304
Ukraine,2022,Male,7559375,Female,9024063,Both Sexes,16583438
United Kingdom,2001,Male,16630838,Female,17681728,Both Sexes,34312566
United Kingdom,2011,Male,9380116,Female,9628106,Both Sexes,19008218
United States,2000,Male,84661799,Female,88928470,Both Sexes,173590273
United States,2010,Male,41726586,Female,43682544,Both Sexes,85409130
United States,2020,Male,48153870,Female,50551835,Both Sexes,98806735
Uruguay,2003,Male,647427,Female,735351,Both Sexes,1382778
Uruguay,2005,Male,628834,Female,719054,Both Sexes,1347888
Uruguay,2006,Male,627495,Female,717515,Both Sexes,1345010
Uruguay,2008,Male,625456,Female,714817,Both Sexes,1340273
Uruguay,2009,Male,624746,Female,713662,Both Sexes,1338408
Uruguay,2011,Male,655112,Female,753894,Both Sexes,1409110
Uruguay,2015,Male,648068,Female,731491,Both Sexes,1379559
Uruguay,2016,Male,648929,Female,731502,Both Sexes,1380432
Uruguay,2017,Male,649773,Female,731453,Both Sexes,1381227
Uruguay,2018,Male,650588,Female,731358,Both Sexes,1381946
Uruguay,2019,Male,651364,Female,731213,Both Sexes,1382578
Uruguay,2020,Male,652106,Female,731028,Both Sexes,1383134
Uruguay,2021,Male,652798,Female,730802,Both Sexes,1383601
Uruguay,2022,Male,653440,Female,730524,Both Sexes,1383964
Uruguay,2023,Male,654017,Female,730192,Both Sexes,1384210
Uzbekistan,2001,Male,2625841,Female,2694858,Both Sexes,5320699
Uzbekistan,2015,Male,3185032,Female,3277780,Both Sexes,6462812
Uzbekistan,2016,Male,3223250,Female,3310596,Both Sexes,6533846
Uzbekistan,2017,Male,3310202,Female,3393403,Both Sexes,6703605
Uzbekistan,2018,Male,3356941,Female,3437306,Both Sexes,6794247
Uzbekistan,2019,Male,3424891,Female,3501921,Both Sexes,6926812
Uzbekistan,2020,Male,3511322,Female,3586465,Both Sexes,7097787
Uzbekistan,2021,Male,3610294,Female,3683186,Both Sexes,7293480
Uzbekistan,2022,Male,3730979,Female,3801000,Both Sexes,7531979
Uzbekistan,2023,Male,3953402,Female,4026656,Both Sexes,7980058
Uzbekistan,2024,Male,4054323,Female,4128118,Both Sexes,8182441
Vanuatu,2009,Male,22852,Female,21187,Both Sexes,44039
Vanuatu,2016,Male,25861,Female,25083,Both Sexes,50944
Vanuatu,2020,Male,24641,Female,24393,Both Sexes,49034
Vatican City,2000,Male,529,Female,269,Both Sexes,798
Venezuela,2011,Male,7305456,Female,7436038,Both Sexes,14741494
Zambia,2010,Male,2114057,Female,2166934,Both Sexes,4280991
Zimbabwe,1992,Male,1203984,Female,1141177,Both Sexes,2345161
Zimbabwe,2002,Male,1196266,Female,1227440,Both Sexes,2423706
Zimbabwe,2012,Male,1359630,Female,1489708,Both Sexes,2849338
Zimbabwe,2022,Male,1675706,Female,1876899,Both Sexes,3552605
